<?xml version="1.0" encoding="UTF-8"?>
<beans xmlns="http://www.springframework.org/schema/beans"
	xmlns:xsi="http://www.w3.org/2001/XMLSchema-instance"
	xmlns:aop="http://www.springframework.org/schema/aop"
	xmlns:context="http://www.springframework.org/schema/context"
	xsi:schemaLocation="http://www.springframework.org/schema/beans http://www.springframework.org/schema/beans/spring-beans.xsd
		http://www.springframework.org/schema/context http://www.springframework.org/schema/context/spring-context-3.2.xsd">

	<aop:aspectj-autoproxy/>

	<context:component-scan base-package="com.jomit.controller"></context:component-scan>
	
	<bean class="org.springframework.web.servlet.view.InternalResourceViewResolver">
	
		<property name="prefix">
			<value>/WEB-INF/views/</value>
		</property>
		
		<property name="suffix">
			<value>.jsp</value>
		</property>
	</bean>
	
	<bean name="loggingAspect" class="com.jomit.aspect.LoggingAspect"/>
</beans>
